/*
SQLyog Community v10.3 
MySQL - 5.6.17 : Database - projet_soleil
*********************************************************************
*/

/*!40101 SET NAMES utf8 */;

/*!40101 SET SQL_MODE=''*/;

/*!40014 SET @OLD_UNIQUE_CHECKS=@@UNIQUE_CHECKS, UNIQUE_CHECKS=0 */;
/*!40014 SET @OLD_FOREIGN_KEY_CHECKS=@@FOREIGN_KEY_CHECKS, FOREIGN_KEY_CHECKS=0 */;
/*!40101 SET @OLD_SQL_MODE=@@SQL_MODE, SQL_MODE='NO_AUTO_VALUE_ON_ZERO' */;
/*!40111 SET @OLD_SQL_NOTES=@@SQL_NOTES, SQL_NOTES=0 */;
CREATE DATABASE /*!32312 IF NOT EXISTS*/`projet_soleil` /*!40100 DEFAULT CHARACTER SET utf8 COLLATE utf8_unicode_ci */;

USE `projet_soleil`;

/*Table structure for table `achats` */

DROP TABLE IF EXISTS `achats`;

CREATE TABLE `achats` (
  `id` int(11) NOT NULL AUTO_INCREMENT,
  `transaction` varchar(250) COLLATE utf8_unicode_ci NOT NULL,
  `produit` varchar(250) COLLATE utf8_unicode_ci DEFAULT NULL,
  `date` varchar(250) COLLATE utf8_unicode_ci DEFAULT NULL,
  `client` varchar(250) COLLATE utf8_unicode_ci DEFAULT NULL,
  `adresse` longtext COLLATE utf8_unicode_ci COMMENT '(DC2Type:array)',
  `email` varchar(250) COLLATE utf8_unicode_ci DEFAULT NULL,
  PRIMARY KEY (`id`)
) ENGINE=InnoDB AUTO_INCREMENT=4 DEFAULT CHARSET=utf8 COLLATE=utf8_unicode_ci;

/*Data for the table `achats` */

insert  into `achats`(`id`,`transaction`,`produit`,`date`,`client`,`adresse`,`email`) values (1,'73Y05586BH395802T','couteau en céramique','2014-05-24T14:25:41Z','Axel Wilhelmus','a:5:{i:0;s:33:\"Av. de la Pelouse, 87648672 Mayet\";i:1;s:5:\"Paris\";i:2;s:6:\"Alsace\";i:3;s:5:\"75002\";i:4;s:2:\"FR\";}','axel.wilhelmus@gmail.com'),(2,'5GY65449UH4646421','couteau en céramique','2014-05-24T14:42:13Z','Axel Wilhelmus','a:5:{i:0;s:17:\"Pavillonchamps 27\";i:1;s:6:\"Harzé\";i:2;s:4:\"4920\";i:3;s:7:\"Belgium\";i:4;s:2:\"BE\";}','axel.wilhelmus@gmail.com'),(3,'02U60181HJ361510B','couteau en céramique','2014-05-24T15:35:49Z','Axel Wilhelmus','a:5:{i:0;s:33:\"Av. de la Pelouse, 87648672 Mayet\";i:1;s:5:\"75002\";i:2;s:5:\"Paris\";i:3;s:6:\"France\";i:4;s:2:\"FR\";}','axel.wilhelmus@gmail.com');

/*Table structure for table `agendas` */

DROP TABLE IF EXISTS `agendas`;

CREATE TABLE `agendas` (
  `id` int(11) NOT NULL AUTO_INCREMENT,
  `sites_id` int(11) DEFAULT NULL,
  `titre` varchar(100) COLLATE utf8_unicode_ci NOT NULL,
  `titre_en` varchar(100) COLLATE utf8_unicode_ci DEFAULT NULL,
  `contenu` longtext COLLATE utf8_unicode_ci,
  `contenu_en` longtext COLLATE utf8_unicode_ci,
  `date` date DEFAULT NULL,
  `slug` varchar(100) COLLATE utf8_unicode_ci DEFAULT NULL,
  `slug_en` varchar(100) COLLATE utf8_unicode_ci DEFAULT NULL,
  PRIMARY KEY (`id`),
  UNIQUE KEY `UNIQ_D543C65C989D9B62` (`slug`),
  UNIQUE KEY `UNIQ_D543C65C7D79C0DC` (`slug_en`),
  KEY `IDX_D543C65C7838E496` (`sites_id`),
  CONSTRAINT `FK_D543C65C7838E496` FOREIGN KEY (`sites_id`) REFERENCES `sites` (`id`)
) ENGINE=InnoDB AUTO_INCREMENT=6 DEFAULT CHARSET=utf8 COLLATE=utf8_unicode_ci;

/*Data for the table `agendas` */

insert  into `agendas`(`id`,`sites_id`,`titre`,`titre_en`,`contenu`,`contenu_en`,`date`,`slug`,`slug_en`) values (1,3,'Fête','Party','Venez faire la fête avec nous !','Party hard friday Night','2014-08-15','fete','party'),(2,3,'Atelier',NULL,'<p>Atelier peinture</p>\r\n\r\n<p>&nbsp;</p>\r\n\r\n<p>Lorem ipsum dolor sit amet, consectetur adipisicing elit, sed do eiusmod<br />\r\ntempor incididunt ut labore et dolore magna aliqua. Ut enim ad minim veniam,<br />\r\nquis nostrud exercitation ullamco laboris nisi ut aliquip ex ea commodo<br />\r\nconsequat. Duis aute irure dolor in reprehenderit in voluptate velit esse<br />\r\ncillum dolore eu fugiat nulla pariatur. Excepteur sint occaecat cupidatat non<br />\r\nproident, sunt in culpa qui officia deserunt mollit anim id est laborum.</p>\r\n\r\n<p>&nbsp;</p>\r\n\r\n<p>Lorem ipsum dolor sit amet, consectetur adipisicing elit, sed do eiusmod<br />\r\ntempor incididunt ut labore et dolore magna aliqua. Ut enim ad minim veniam,<br />\r\nquis nostrud exercitation ullamco laboris nisi ut aliquip ex ea commodo<br />\r\nconsequat. Duis aute irure dolor in reprehenderit in voluptate velit esse<br />\r\ncillum dolore eu fugiat nulla pariatur. Excepteur sint occaecat cupidatat non<br />\r\nproident, sunt in culpa qui officia deserunt mollit anim id est laborum.</p>',NULL,'2014-10-02','atelier',NULL),(3,3,'Démonstration d\' EFT','Demonstration EFT \'s','<p>Lorem ipsum dolor sit amet, consectetur adipisicing elit, sed do eiusmod<br />\r\ntempor incididunt ut labore et dolore magna aliqua. Ut enim ad minim veniam,<br />\r\nquis nostrud exercitation ullamco laboris nisi ut aliquip ex ea commodo<br />\r\nconsequat. Duis aute irure dolor in reprehenderit in voluptate velit esse<br />\r\ncillum dolore eu fugiat nulla pariatur. Excepteur sint occaecat cupidatat non<br />\r\nproident, sunt in culpa qui officia deserunt mollit anim id est laborum.</p>','<p>Lorem ipsum dolor sit amet, consectetur adipisicing elit, sed do eiusmod<br />\r\ntempor incididunt ut labore et dolore magna aliqua. Ut enim ad minim veniam,<br />\r\nquis nostrud exercitation ullamco laboris nisi ut aliquip ex ea commodo<br />\r\nconsequat. Duis aute irure dolor in reprehenderit in voluptate velit esse<br />\r\ncillum dolore eu fugiat nulla pariatur. Excepteur sint occaecat cupidatat non<br />\r\nproident, sunt in culpa qui officia deserunt mollit anim id est laborum.</p>','2014-06-27','demonstration-d-eft','demonstration-eft-s'),(4,1,'Nouveau cours de lecture','New reading course','<p>Lorem ipsum dolor sit amet, consectetur adipisicing elit, sed do eiusmod<br />\r\ntempor incididunt ut labore et dolore magna aliqua. Ut enim ad minim veniam,<br />\r\nquis nostrud exercitation ullamco laboris nisi ut aliquip ex ea commodo<br />\r\nconsequat. Duis aute irure dolor in reprehenderit in voluptate velit esse<br />\r\ncillum dolore eu fugiat nulla pariatur. Excepteur sint occaecat cupidatat non<br />\r\nproident, sunt in culpa qui officia deserunt mollit anim id est laborum.</p>','<p>Lorem ipsum dolor sit amet, consectetur adipisicing elit, sed do eiusmod<br />\r\ntempor incididunt ut labore et dolore magna aliqua. Ut enim ad minim veniam,<br />\r\nquis nostrud exercitation ullamco laboris nisi ut aliquip ex ea commodo<br />\r\nconsequat. Duis aute irure dolor in reprehenderit in voluptate velit esse<br />\r\ncillum dolore eu fugiat nulla pariatur. Excepteur sint occaecat cupidatat non<br />\r\nproident, sunt in culpa qui officia deserunt mollit anim id est laborum.</p>','2014-07-16','nouveau-cours-de-lecture','new-reading-course'),(5,1,'Cours de français','French courses','<p>Lorem ipsum dolor sit amet, consectetur adipisicing elit, sed do eiusmod<br />\r\ntempor incididunt ut labore et dolore magna aliqua. Ut enim ad minim veniam,<br />\r\nquis nostrud exercitation ullamco laboris nisi ut aliquip ex ea commodo<br />\r\nconsequat. Duis aute irure dolor in reprehenderit in voluptate velit esse<br />\r\ncillum dolore eu fugiat nulla pariatur. Excepteur sint occaecat cupidatat non<br />\r\nproident, sunt in culpa qui officia deserunt mollit anim id est laborum.</p>','<p>Lorem ipsum dolor sit amet, consectetur adipisicing elit, sed do eiusmod<br />\r\ntempor incididunt ut labore et dolore magna aliqua. Ut enim ad minim veniam,<br />\r\nquis nostrud exercitation ullamco laboris nisi ut aliquip ex ea commodo<br />\r\nconsequat. Duis aute irure dolor in reprehenderit in voluptate velit esse<br />\r\ncillum dolore eu fugiat nulla pariatur. Excepteur sint occaecat cupidatat non<br />\r\nproident, sunt in culpa qui officia deserunt mollit anim id est laborum.</p>','2014-06-22','cours-de-francais','french-courses');

/*Table structure for table `configs` */

DROP TABLE IF EXISTS `configs`;

CREATE TABLE `configs` (
  `id` int(11) NOT NULL AUTO_INCREMENT,
  `nom` varchar(100) COLLATE utf8_unicode_ci DEFAULT NULL,
  `valeur` varchar(100) COLLATE utf8_unicode_ci DEFAULT NULL,
  PRIMARY KEY (`id`)
) ENGINE=InnoDB DEFAULT CHARSET=utf8 COLLATE=utf8_unicode_ci;

/*Data for the table `configs` */

/*Table structure for table `contacts` */

DROP TABLE IF EXISTS `contacts`;

CREATE TABLE `contacts` (
  `id` int(11) NOT NULL AUTO_INCREMENT,
  `mail` varchar(100) COLLATE utf8_unicode_ci DEFAULT NULL,
  `telephone` varchar(100) COLLATE utf8_unicode_ci DEFAULT NULL,
  `adresse` varchar(100) COLLATE utf8_unicode_ci DEFAULT NULL,
  PRIMARY KEY (`id`)
) ENGINE=InnoDB DEFAULT CHARSET=utf8 COLLATE=utf8_unicode_ci;

/*Data for the table `contacts` */

/*Table structure for table `formations` */

DROP TABLE IF EXISTS `formations`;

CREATE TABLE `formations` (
  `id` int(11) NOT NULL AUTO_INCREMENT,
  `rubriques_id` int(11) DEFAULT NULL,
  `nom` varchar(100) COLLATE utf8_unicode_ci NOT NULL,
  `nom_en` varchar(100) COLLATE utf8_unicode_ci DEFAULT NULL,
  `description` longtext COLLATE utf8_unicode_ci,
  `description_en` longtext COLLATE utf8_unicode_ci,
  `debut` datetime DEFAULT NULL,
  `fin` datetime DEFAULT NULL,
  `prix` decimal(10,0) DEFAULT NULL,
  `max_inscrit` int(11) DEFAULT NULL,
  `slug` varchar(100) COLLATE utf8_unicode_ci DEFAULT NULL,
  `slug_en` varchar(100) COLLATE utf8_unicode_ci DEFAULT NULL,
  PRIMARY KEY (`id`),
  UNIQUE KEY `UNIQ_40902137989D9B62` (`slug`),
  UNIQUE KEY `UNIQ_409021377D79C0DC` (`slug_en`),
  KEY `IDX_40902137589A0FBB` (`rubriques_id`),
  CONSTRAINT `FK_40902137589A0FBB` FOREIGN KEY (`rubriques_id`) REFERENCES `rubriques` (`id`)
) ENGINE=InnoDB AUTO_INCREMENT=7 DEFAULT CHARSET=utf8 COLLATE=utf8_unicode_ci;

/*Data for the table `formations` */

insert  into `formations`(`id`,`rubriques_id`,`nom`,`nom_en`,`description`,`description_en`,`debut`,`fin`,`prix`,`max_inscrit`,`slug`,`slug_en`) values (1,11,'SE LIBERER DU STRESS AU TRAVAIL- 2 jours','TO PAY WORK STRESS-2 days','<p>Deux jours de travail personnel et en groupe pour rep&eacute;rer les facteurs de stress, les supprimer en douceur. Acqu&eacute;rir de la s&eacute;r&eacute;nit&eacute; rapidement, d&eacute;velopper son autonomie en pratiquant l&#39;EFT. Apprendre l&#39;EFT et changer les croyances en relation avec notre stress. Apprendre des techniques amusantes &eacute;nergisantes. Vous nous quitterez serein, en pleine forme, Nous vous certifions la durabilit&eacute; du travail effectue ! Formateur : Paulette Debeur , praticienne EFT Le groupe se met en place a partir de 6 personnes (max 12)</p>','<p>Two days of personal and group work to identify stressors, remove gently. Acquire serenity quickly develop autonomy practicing EFT. Learn EFT and change beliefs in relation to our stress. Learn fun energy techniques. You leave us serene, in great shape, We certify the sustainability of work done! Instructor: Paulette Debeur, EFT practitioner group is set up from 6 people (max 12)</p>','2009-01-01 00:00:00','2009-03-01 17:18:00','175',12,'se-liberer-du-stress-au-travail-2-jours','to-pay-work-stress-2-days'),(2,6,'Atelier TERRE','EARTH workshop','<p>Vous souhaitez mettre vos mains dans la terre et faire surgir de celle-ci une forme qui vous parle, profiter de ce temps personnel de calme et de d&eacute;tente dans un environnement accueillant. Venez d&eacute;couvrir ce travail passionnant, enrichissant et &eacute;panouissant &agrave; l&#39;atelier.</p>','<p>Want to put your hands in the dirt and bring out of it a form that speaks to you, enjoy this personal time of calm and relaxation in a welcoming environment. Discover this exciting, rewarding and fulfilling the workshop.</p>','2014-05-14 13:03:27','2014-05-22 13:03:29','20',6,'atelier-terre','earth-workshop'),(3,11,'DE LA SANTE EN TAPOTANT !','HEALTH PAT!','<p>Vous avez mal, votre corps vous fait souffrir... Vous vivez la perte d&#39;un &ecirc;tre cher, ou son souvenir vous fait encore pleurer... Vous vivez une situation de travail extr&ecirc;mement stressante &agrave; cause d&#39;un chef ou de coll&egrave;gues... Vous avez v&eacute;cu des traumatismes dont vous ne pouvez parler...</p>',NULL,'2010-03-02 02:02:00','2012-02-02 16:15:00','50',5,'de-la-sante-en-tapotant','health-pat'),(4,2,'Cours de français pour enfants','French classes for children','<h2>un cour th&eacute;orique blablabla</h2>\r\n\r\n<p>lorem blolbolboblbolbbolbol skg,sgskdgsdg</p>\r\n\r\n<p>dft dry ttrjut hfyutykv fhyuty,nhjty n,tyu&nbsp; ouser izer uisdfr&nbsp; qsd v viwodza dvou</p>\r\n\r\n<p>&nbsp;</p>','<h2>a theoretical course blablabla</h2>\r\n\r\n<p>lorem blolbolboblbolbbolbol skg,sgskdgsdg</p>\r\n\r\n<p>dft dry ttrjut hfyutykv fhyuty,nhjty n,tyu&nbsp; ouser izer uisdfr&nbsp; qsd v viwodza dvou</p>\r\n\r\n<p>&nbsp;</p>','2014-05-27 01:00:00','2014-05-30 00:00:00','0',20,'cours-de-francais-pour-enfants','french-classes-for-children'),(5,6,'Atelier collage','Collage workshop','<p>L&#39;atelier collage est un lieu privil&eacute;gi&eacute; dans lequel les adultes r&eacute;alisent des collages dans la convivialit&eacute; et le plaisir. Comme l&#39;atelier Terre, c&#39;est une animation de groupe r&eacute;serv&eacute;e &agrave; la cr&eacute;ation, &agrave; la d&eacute;couverte et au partage. C&#39;est un art de l&#39;arrangement d&#39;&eacute;l&eacute;ments disparates en papier ou non sur un support .</p>','<p>The workshop collage is a privileged place in which adults are making collages in a friendly and fun. As the workshop Earth is an animation group dedicated to the creation, discovery and sharing. It is an art of the disparate elements in paper or not on a support arrangement.</p>','2014-06-21 11:00:00','2014-06-21 12:00:00','15',10,'atelier-collage','collage-workshop'),(6,6,'Atelier de Sand-Play','Workshop Sand Play','<p>L&#39;atelier de sand-play ou de sable est une activit&eacute; cr&eacute;ative qui a lieu &agrave; la demande des participants souhaitant &eacute;lucider une probl&eacute;matique personnelle. Il dispose sur une surface limit&eacute;e, des &eacute;l&eacute;ments ( personnages, objets, mati&egrave;res...) et met en mots sa probl&eacute;matique. Avec l&#39;animatrice, il en &eacute;tudie les composantes et envisage les changements n&eacute;cessaires. Pour cet atelier <a href=\"http://localhost/projet_test/web/app_dev.php/fr/C%C3%A9ramique/contact\">contactez-nous</a></p>','<p>The workshop sand or play sand is a creative activity that takes place at the request of participants wishing to solve a personal problem. It has a limited surface elements (characters, objects, materials ...) and puts into words his problem. With the facilitator, he studies the components and consider necessary changes. For this workshop <a href=\"http://localhost/projet_test/web/app_dev.php/en/C%C3%A9ramique/contact\">contact us</a></p>','2014-06-01 00:00:00','2014-06-01 00:00:00','0',0,'atelier-de-sand-play','workshop-sand-play');

/*Table structure for table `inscriptions` */

DROP TABLE IF EXISTS `inscriptions`;

CREATE TABLE `inscriptions` (
  `users_id` int(11) NOT NULL,
  `formations_id` int(11) NOT NULL,
  `payer` tinyint(1) NOT NULL,
  PRIMARY KEY (`users_id`,`formations_id`),
  KEY `IDX_6CD1F3E467B3B43D` (`users_id`),
  KEY `IDX_6CD1F3E43BF5B0C2` (`formations_id`),
  CONSTRAINT `FK_6CD1F3E43BF5B0C2` FOREIGN KEY (`formations_id`) REFERENCES `formations` (`id`),
  CONSTRAINT `FK_6CD1F3E467B3B43D` FOREIGN KEY (`users_id`) REFERENCES `users` (`id`)
) ENGINE=InnoDB DEFAULT CHARSET=utf8 COLLATE=utf8_unicode_ci;

/*Data for the table `inscriptions` */

insert  into `inscriptions`(`users_id`,`formations_id`,`payer`) values (1,1,0),(2,1,0),(2,4,0);

/*Table structure for table `liens` */

DROP TABLE IF EXISTS `liens`;

CREATE TABLE `liens` (
  `id` int(11) NOT NULL AUTO_INCREMENT,
  `sites_id` int(11) DEFAULT NULL,
  `titre` varchar(100) COLLATE utf8_unicode_ci DEFAULT NULL,
  `titre_en` varchar(100) COLLATE utf8_unicode_ci DEFAULT NULL,
  `url` varchar(100) COLLATE utf8_unicode_ci DEFAULT NULL,
  `type` varchar(100) COLLATE utf8_unicode_ci DEFAULT NULL,
  PRIMARY KEY (`id`),
  KEY `IDX_A0A0BABC7838E496` (`sites_id`),
  CONSTRAINT `FK_A0A0BABC7838E496` FOREIGN KEY (`sites_id`) REFERENCES `sites` (`id`)
) ENGINE=InnoDB AUTO_INCREMENT=12 DEFAULT CHARSET=utf8 COLLATE=utf8_unicode_ci;

/*Data for the table `liens` */

insert  into `liens`(`id`,`sites_id`,`titre`,`titre_en`,`url`,`type`) values (1,3,'video 1','video 1','//www.youtube.com/embed/A-55hRpAv7g','videos'),(3,3,'video 2','video 2','//www.youtube.com/embed/5Ji-HNiN1n8','videos'),(4,3,'video 3','video 3','//www.youtube.com/embed/5Ji-HNiN1n8','videos'),(5,1,'Ecrimagine le blog de Cécile Ramaekers','Ecrimagine le blog de Cécile Ramaekers','http://charlotteauxlivres.over-blog.com/article-article-sur-le-blog-ecrimagine-de-cecile-ramaekers-8','partenaires'),(6,2,'Ecrimagine le blog de Cécile Ramaekers','Ecrimagine le blog de Cécile Ramaekers','http://charlotteauxlivres.over-blog.com/article-article-sur-le-blog-ecrimagine-de-cecile-ramaekers-8','partenaires'),(7,3,'Ecrimagine le blog de Cécile Ramaekers','Ecrimagine le blog de Cécile Ramaekers','http://charlotteauxlivres.over-blog.com/article-article-sur-le-blog-ecrimagine-de-cecile-ramaekers-8','partenaires'),(8,1,'Lecteurs en colère','Lecteurs en colère','http://www.lecteursencolère.com/','partenaires'),(9,3,'Lecteurs en colère','Lecteurs en colère','http://www.lecteursencolère.com/','partenaires'),(10,2,'Lecteurs en colère','Lecteurs en colère','http://www.lecteursencolère.com/','partenaires'),(11,1,'Journée internationale de l\'alphabétisation 2010','International Literacy Day 2010','//youtu.be/7W5jlQej-SU','videos');

/*Table structure for table `produits` */

DROP TABLE IF EXISTS `produits`;

CREATE TABLE `produits` (
  `id` int(11) NOT NULL AUTO_INCREMENT,
  `nom` varchar(100) COLLATE utf8_unicode_ci NOT NULL,
  `nom_en` varchar(100) COLLATE utf8_unicode_ci DEFAULT NULL,
  `description` longtext COLLATE utf8_unicode_ci,
  `description_en` longtext COLLATE utf8_unicode_ci,
  `image` varchar(100) COLLATE utf8_unicode_ci DEFAULT NULL,
  `prix` decimal(10,0) DEFAULT NULL,
  `disponible` tinyint(1) NOT NULL,
  `slug` varchar(100) COLLATE utf8_unicode_ci DEFAULT NULL,
  `slug_en` varchar(100) COLLATE utf8_unicode_ci DEFAULT NULL,
  `vendre` tinyint(1) NOT NULL,
  PRIMARY KEY (`id`),
  UNIQUE KEY `UNIQ_BE2DDF8C989D9B62` (`slug`),
  UNIQUE KEY `UNIQ_BE2DDF8C7D79C0DC` (`slug_en`)
) ENGINE=InnoDB AUTO_INCREMENT=11 DEFAULT CHARSET=utf8 COLLATE=utf8_unicode_ci;

/*Data for the table `produits` */

insert  into `produits`(`id`,`nom`,`nom_en`,`description`,`description_en`,`image`,`prix`,`disponible`,`slug`,`slug_en`,`vendre`) values (6,'test1','test1','<p>tht</p>','<p>yty</p>','134c7a364ca8c51d713591ac29b003c5d583ebc2.jpeg','1',0,'test1','test1',0),(7,'test2','test2','<p>xc x xc xbxcbwbxbc</p>','<p>xwbcxccxcbxbbxcb</p>','0c532ed474792e5b79d0852e544c866c2d0a1810.jpeg','1',0,'test2','test2',0),(8,'test3',NULL,'<p>sdvssdbsbd</p>','<p>sdbdsbdsbs</p>','6afcc48478c55797550064150b5a4fd231207d6b.jpeg','1',0,'test3',NULL,0),(9,'produit 1','item 1','<p>dsvdsvsqvsqvddsq</p>','<p>sdvsdvsvsvsqvsqvd</p>','690bc8a80b2fdf5a8b70704ab87e7f8aeabe0698.jpeg','10',1,'produit-1','item-1',1),(10,'produit 2','item 2','Lorem ipsum dolor sit amet, consectetur adipisicing elit, sed do eiusmod\r\ntempor incididunt ut labore et dolore magna aliqua. Ut enim ad minim veniam,\r\nquis nostrud exercitation ullamco laboris nisi ut aliquip ex ea commodo\r\nconsequat. Duis aute irure dolor in reprehenderit in voluptate velit esse\r\ncillum dolore eu fugiat nulla pariatur. Excepteur sint occaecat cupidatat non\r\nproident, sunt in culpa qui officia deserunt mollit anim id est laborum.','Lorem ipsum dolor sit amet, consectetur adipisicing elit, sed do eiusmod\r\ntempor incididunt ut labore et dolore magna aliqua. Ut enim ad minim veniam,\r\nquis nostrud exercitation ullamco laboris nisi ut aliquip ex ea commodo\r\nconsequat. Duis aute irure dolor in reprehenderit in voluptate velit esse\r\ncillum dolore eu fugiat nulla pariatur. Excepteur sint occaecat cupidatat non\r\nproident, sunt in culpa qui officia deserunt mollit anim id est laborum.','690bc8a80b2fdf5a8b70704ab87e7f8aeabe0698.jpeg','22',1,'produit-2','item-2',1);

/*Table structure for table `rubriques` */

DROP TABLE IF EXISTS `rubriques`;

CREATE TABLE `rubriques` (
  `id` int(11) NOT NULL AUTO_INCREMENT,
  `sites_id` int(11) DEFAULT NULL,
  `slug` varchar(100) COLLATE utf8_unicode_ci DEFAULT NULL,
  `slug_en` varchar(100) COLLATE utf8_unicode_ci DEFAULT NULL,
  `nom` varchar(100) COLLATE utf8_unicode_ci NOT NULL,
  `nom_en` varchar(100) COLLATE utf8_unicode_ci DEFAULT NULL,
  `contenu` longtext COLLATE utf8_unicode_ci,
  `contenu_en` longtext COLLATE utf8_unicode_ci,
  `image` varchar(100) COLLATE utf8_unicode_ci DEFAULT NULL,
  PRIMARY KEY (`id`),
  KEY `IDX_423256157838E496` (`sites_id`),
  CONSTRAINT `FK_423256157838E496` FOREIGN KEY (`sites_id`) REFERENCES `sites` (`id`)
) ENGINE=InnoDB AUTO_INCREMENT=14 DEFAULT CHARSET=utf8 COLLATE=utf8_unicode_ci;

/*Data for the table `rubriques` */

insert  into `rubriques`(`id`,`sites_id`,`slug`,`slug_en`,`nom`,`nom_en`,`contenu`,`contenu_en`,`image`) values (1,1,'accueil','home','Accueil','Home','<h2>Mettez du soleil dans votre vie</h2>\r\n\r\n<h2><strong>10% DE LA POPULATION BELGE NE SAIT</strong></h2>\r\n\r\n<h2><strong>NI LIRE NI ECRIRE !</strong></h2>\r\n\r\n<h2><strong>Vous avez bien lu !</strong></h2>\r\n\r\n<p><strong>10% de la population adulte en Communaut&eacute; Fran&ccedil;aise Wallonie Bruxelles est analphab&egrave;te.</strong></p>\r\n\r\n<p>&nbsp;</p>\r\n\r\n<p>La d&eacute;finition d&#39;un analphab&egrave;te d&eacute;finie par l&#39;UNESCO en 1958 est la suivante : &quot; Un analphab&egrave;te ou illettr&eacute; est une personne incapable de lire et d&#39;&eacute;crire, en le comprenant, un expos&eacute; bref et simple de faits en rapport avec la vie quotidienne.</p>\r\n\r\n<p>&nbsp;</p>\r\n\r\n<p>Ces personnes peuvent s&#39;exprimer clairement et avoir des occupations courantes et m&ecirc;me un travail mais elles ne savent ni lire ni &eacute;crire.</p>\r\n\r\n<p>&nbsp;</p>\r\n\r\n<p>L&#39;illetrisme est d&ucirc; &agrave; un arr&ecirc;t trop pr&eacute;coce de l&#39;apprentissage ou aux difficult&eacute;s cit&eacute;es plus bas.</p>\r\n\r\n<p>Il ne s&#39;agit en aucun cas d&#39;un d&eacute;ficit intellectuel.</p>\r\n\r\n<p>&nbsp;</p>\r\n\r\n<h2><big><small>Comment cela est-il possible?</small></big></h2>\r\n\r\n<p>&nbsp;</p>\r\n\r\n<p><em><strong>En 2008, 7% d&#39;enfants </strong></em>quittaient l&#39;enseignement primaire sans le Certificat d&#39;Etudes de Base ( CEB).</p>\r\n\r\n<p>Les causes de ces &eacute;checs sont multiples : rupture familiale, scolaire, sociale, culturelle...</p>\r\n\r\n<p>&nbsp;</p>\r\n\r\n<h2>Qui est concern&eacute; ?</h2>\r\n\r\n<p>&nbsp;</p>\r\n\r\n<p>Il n&#39;y a pas de profil type de ces personnes :&nbsp;</p>\r\n\r\n<p>15% sont Belges de naissance</p>\r\n\r\n<p>19% ont acquis la nationalit&eacute;</p>\r\n\r\n<p>66% sont de nationalit&eacute; &eacute;trang&egrave;re ( in/out Europe )</p>\r\n\r\n<p><em><strong>46% du public se situe entre 26 et 40 ans.</strong></em></p>\r\n\r\n<p><em><strong>10% &agrave; plus de 50 ans</strong></em></p>\r\n\r\n<p>&nbsp;</p>\r\n\r\n<h2>Comment rep&eacute;rer les personnes en difficult&eacute;s?</h2>\r\n\r\n<p><em><strong>&nbsp;</strong></em></p>\r\n\r\n<p>Les personnes analphab&egrave;tes n&#39;osent pas parler de leur difficult&eacute;s. Il n&#39;y a pas toujours de signes ou de comportements visibles &agrave; partir des quels reconna&icirc;tre un analphab&egrave;te.</p>\r\n\r\n<p><em><strong>&nbsp;</strong></em></p>\r\n\r\n<p>Toutefois un parcours scolaire chaotique, des difficultes &agrave; s&#39;exprimer et &agrave; produire un r&eacute;cit coh&eacute;rent ( chronologie et emploi des temps, syntaxe, vocabulaire approximatif...), r&eacute;ticence ou refus de remplir ou de lire des documents ( j&#39;ai oubli&eacute; mes lunettes, je lirai &agrave; la maison...) refus d&#39;un poste de travail, &eacute;criture laborieuse du nom et de l&#39;adresse sont des signes de r&eacute;elles difficult&eacute;s.</p>\r\n\r\n<p><em><strong>&nbsp;</strong></em></p>\r\n\r\n<h2>QUE FAIRE ?</h2>\r\n\r\n<p><em><strong>&nbsp;</strong></em></p>\r\n\r\n<p>L&#39;exp&eacute;rience &agrave; d&eacute;montr&eacute; qu&#39;en parler d&eacute;dramatisait la situation. En effet, dire que beaucoup de personnes rencontrent ce probl&egrave;me, mettre en &eacute;vidence d&#39;autres comp&eacute;tences de la personne et enfin dire qu&#39;on peut faire quelque chose, notemment suivre des cours d&#39;adultes, soulage, fait plaisir et donne de l&#39;espoir.</p>\r\n\r\n<p>Une formation en alphab&eacute;tisation est tr&egrave;s diff&eacute;rente de celle de l&#39;&eacute;cole traditionnelle car nous utilisons une p&eacute;dagogie participative adapt&eacute;e aux adultes. Chaque individu est pris en compte et nous sensibilisons les apprenants &agrave; la d&eacute;finition d&#39;objectifs personnels.</p>\r\n\r\n<p>(in Brochure Lire et Ecrire)&nbsp;</p>\r\n\r\n<p>&nbsp;</p>\r\n\r\n<h2>Comment les aider ?</h2>\r\n\r\n<p><em><strong>&nbsp;</strong></em></p>\r\n\r\n<p>Vous pouvez proposer d&#39;aider &agrave; &eacute;tablir le premier contact avec l&#39;association Avec le Soleil ou transmettre notre num&eacute;ro de t&eacute;l&eacute;phone, apr&egrave;s s&#39;&ecirc;tre assur&eacute; que la personne sait lire les chiffres.</p>\r\n\r\n<p>&nbsp;</p>\r\n\r\n<p>Nous nous adressons aux adolescents et aux adultes qui ont comme objectif l&#39;insertion socio-professionnelle, en organisant des cours adapt&eacute;s :</p>\r\n\r\n<p>de l&#39;alpha, du FLE, de la remise &agrave; niveau, des tables de conversation...</p>\r\n\r\n<p>&nbsp;</p>\r\n\r\n<p>Contactez-nous , via courriel ou t&eacute;l&eacute;phone, pour de plus amples renseignements concernant l&#39;organisation des cours et leur contenu.</p>','<h2>Put some sunshine in your life</h2>\r\n\r\n<h2><br />\r\n<strong>10% DO NOT KNOW THE BELGIAN POPULATION<br />\r\nNeither read nor write!</strong></h2>\r\n\r\n<h2><br />\r\n<strong>You read that right!</strong><br />\r\n<br />\r\n<strong>10% of the adult population in the French Community Wallonia-Brussels is illiterate.</strong></h2>\r\n\r\n<p><br />\r\nThe definition of an illiterate defined by UNESCO in 1958 is as follows: &quot;An illiterate or illiterate person is unable to read and write with understanding a short, simple statement related to daily life .<br />\r\n<br />\r\nThese people can express themselves clearly and have common occupations and even work but they can not read or write.<br />\r\n<br />\r\nThe illiteracy is due to a premature stop learning or difficulties cited below.<br />\r\n<br />\r\nIt is by no means an intellectual deficit.<br />\r\n<br />\r\n<strong>How is this possible?</strong><br />\r\n<br />\r\nIn 2008, 7% of children leaving primary school without the Certificate of Basic Studies (CEB).<br />\r\n<br />\r\nThe causes of these failures are many: family breakdown, educational, social, cultural ...</p>\r\n\r\n<h2><br />\r\n<strong>Who is affected?</strong></h2>\r\n\r\n<p><br />\r\nThere is no typical profile of these people:<br />\r\n<br />\r\n15% are native Belgians<br />\r\n<br />\r\n19% have acquired citizenship<br />\r\n<br />\r\n66% are foreign nationals (in / out Europe)<br />\r\n<br />\r\n46% of the audience is between 26 and 40 years.<br />\r\n<br />\r\n10% over 50 years</p>\r\n\r\n<h2><br />\r\n<br />\r\n<strong>How to identify people in need?</strong><br />\r\n<br />\r\n&nbsp;</h2>\r\n\r\n<p><br />\r\n<br />\r\nIlliterate people do not dare talk about their difficulties. There are still no visible signs or behaviors from which recognize an illiterate.<br />\r\n<br />\r\n&nbsp;<br />\r\n<br />\r\nHowever, a chaotic school career, the difficulties to express themselves and to produce a coherent narrative (chronology and use of tenses, syntax, vocabulary approximate ...), reluctance or refusal to perform or read documents (I forgot my glasses, I read at home ...) refusal of a job, laborious writing of the name and address are signs of real problems.<br />\r\n<br />\r\n&nbsp;</p>\r\n\r\n<h2><br />\r\n<strong>WHAT TO DO?</strong><br />\r\n<br />\r\n&nbsp;</h2>\r\n\r\n<p><br />\r\n<br />\r\nThe experiment demonstrated that speak d&eacute;dramatisait the situation. In fact, that many people have this problem, highlight other skills of the person and finally say we can do something alone, mostly courses adults, relieves, pleased and gives the hope.<br />\r\n<br />\r\nLiteracy training is very different from the traditional school because we use a participatory pedagogy adapted to adults. Each individual is taken into account and we sensitize learners to the definition of personal goals.<br />\r\n<br />\r\n(Brochure in Reading and Writing)</p>\r\n\r\n<p>&nbsp;</p>\r\n\r\n<h2><br />\r\n<strong>How to help?</strong><br />\r\n<br />\r\n&nbsp;</h2>\r\n\r\n<p>You can offer to help establish the first contact with the association with the Sun or transmit our phone number after ascertaining that the person knows how to read the numbers.<br />\r\n<br />\r\nWe appeal to teenagers and adults who have the objective of socio-professional integration, organizing relevant courses:<br />\r\n<br />\r\nalpha, the FFL, the upgrading, conversation tables ...<br />\r\n<br />\r\nContact us via email or phone for more information on the organization of courses and their content.</p>',NULL),(2,1,'formations','trainings','Formations','Trainings',NULL,NULL,NULL),(3,1,'qui-sommes-nous','who-are-we','Qui sommes-nous?','Who are we?','<h2>Avec le Soleil<br />\r\n&nbsp;&nbsp;&nbsp;&nbsp;&nbsp;&nbsp;&nbsp;&nbsp;&nbsp;&nbsp;&nbsp;&nbsp;&nbsp;</h2>\r\n\r\n<p>Une jeune association,</p>\r\n\r\n<p>3 activit&eacute;s diff&eacute;rentes mais compl&eacute;mentaires, visant &agrave; l&#39;autonomie et au bien &ecirc;tre.<br />\r\n&nbsp;&nbsp;&nbsp;&nbsp;&nbsp;&nbsp;&nbsp;&nbsp;&nbsp;&nbsp;&nbsp;<br />\r\n&nbsp;&nbsp;&nbsp;&nbsp;&nbsp;&nbsp;&nbsp;&nbsp;&nbsp;&nbsp;&nbsp;&nbsp;&nbsp;&nbsp;&nbsp;&nbsp;&nbsp;&nbsp;&nbsp; &nbsp; <a href=\"http://localhost/projet_test/web/app_dev.php/fr/EFT/accueil\">E.F.T.</a><br />\r\n&nbsp;&nbsp;&nbsp;&nbsp;&nbsp;&nbsp;&nbsp;&nbsp;&nbsp;&nbsp;&nbsp;&nbsp;&nbsp;&nbsp;&nbsp;&nbsp;&nbsp;&nbsp;&nbsp;&nbsp;&nbsp; <a href=\"http://localhost/projet_test/web/app_dev.php/fr/C%C3%A9ramique/accueil\">C&eacute;ramique</a><br />\r\n&nbsp;&nbsp;&nbsp;&nbsp;&nbsp;&nbsp;&nbsp;&nbsp;&nbsp;&nbsp;&nbsp;&nbsp;&nbsp;&nbsp;&nbsp;&nbsp;&nbsp;&nbsp;&nbsp;&nbsp;&nbsp;<a href=\"http://localhost/projet_test/web/app_dev.php/fr/Alphab%C3%A9tisation/accueil\"> Alphab&ecirc;tisation</a><br />\r\n&nbsp;&nbsp;&nbsp;&nbsp;&nbsp;&nbsp;&nbsp;&nbsp;&nbsp;&nbsp;&nbsp;&nbsp;&nbsp;&nbsp;&nbsp;&nbsp;&nbsp;&nbsp;&nbsp;<br />\r\n&nbsp;&nbsp;&nbsp;&nbsp;&nbsp;&nbsp;&nbsp;&nbsp;&nbsp;&nbsp;&nbsp; Lorem ipsum dolor sit amet, consectetur adipisicing elit, sed do eiusmod<br />\r\n&nbsp;&nbsp;&nbsp;&nbsp;&nbsp;&nbsp;&nbsp;&nbsp;&nbsp;&nbsp;&nbsp; tempor incididunt ut labore et dolore magna aliqua. Ut enim ad minim veniam,<br />\r\n&nbsp;&nbsp;&nbsp;&nbsp;&nbsp;&nbsp;&nbsp;&nbsp;&nbsp;&nbsp;&nbsp; quis nostrud exercitation ullamco laboris nisi ut aliquip ex ea commodo<br />\r\n&nbsp;&nbsp;&nbsp;&nbsp;&nbsp;&nbsp;&nbsp;&nbsp;&nbsp;&nbsp;&nbsp; consequat. Duis aute irure dolor in reprehenderit in voluptate velit esse<br />\r\n&nbsp;&nbsp;&nbsp;&nbsp;&nbsp;&nbsp;&nbsp;&nbsp;&nbsp;&nbsp;&nbsp; cillum dolore eu fugiat nulla pariatur. Excepteur sint occaecat cupidatat non<br />\r\n&nbsp;&nbsp;&nbsp;&nbsp;&nbsp;&nbsp;&nbsp;&nbsp;&nbsp;&nbsp;&nbsp; proident, sunt in culpa qui officia deserunt mollit anim id est laborum.<br />\r\n&nbsp;&nbsp;&nbsp;&nbsp;<br />\r\n&nbsp;&nbsp;&nbsp;&nbsp;&nbsp;&nbsp; &nbsp;<br />\r\n&nbsp;&nbsp;&nbsp;&nbsp;</p>\r\n\r\n<h2>&nbsp;&nbsp;&nbsp;&nbsp;&nbsp;&nbsp;&nbsp;&nbsp;&nbsp;&nbsp;&nbsp; Lorem Ipsum</h2>\r\n\r\n<p>&nbsp;&nbsp;&nbsp;&nbsp;&nbsp;&nbsp;&nbsp;&nbsp;&nbsp;&nbsp;&nbsp;&nbsp;&nbsp;&nbsp;&nbsp;&nbsp;&nbsp;&nbsp; Lorem ipsum dolor sit amet, consectetur adipisicing elit, sed do eiusmod<br />\r\n&nbsp;&nbsp;&nbsp;&nbsp;&nbsp;&nbsp;&nbsp;&nbsp;&nbsp;&nbsp;&nbsp;&nbsp;&nbsp;&nbsp;&nbsp;&nbsp;&nbsp;&nbsp; tempor incididunt ut labore et dolore magna aliqua. Ut enim ad minim veniam,<br />\r\n&nbsp;&nbsp;&nbsp;&nbsp;&nbsp;&nbsp;&nbsp;&nbsp;&nbsp;&nbsp;&nbsp;&nbsp;&nbsp;&nbsp;&nbsp;&nbsp;&nbsp;&nbsp; quis nostrud exercitation ullamco laboris nisi ut aliquip ex ea commodo<br />\r\n&nbsp;&nbsp;&nbsp;&nbsp;&nbsp;&nbsp;&nbsp;&nbsp;&nbsp;&nbsp;&nbsp;&nbsp;&nbsp;&nbsp;&nbsp;&nbsp;&nbsp;&nbsp; consequat. Duis aute irure dolor in reprehenderit in voluptate velit esse<br />\r\n&nbsp;&nbsp;&nbsp;&nbsp;&nbsp;&nbsp;&nbsp;&nbsp;&nbsp;&nbsp;&nbsp;&nbsp;&nbsp;&nbsp;&nbsp;&nbsp;&nbsp;&nbsp; cillum dolore eu fugiat nulla pariatur. Excepteur sint occaecat cupidatat non<br />\r\n&nbsp;&nbsp;&nbsp;&nbsp;&nbsp;&nbsp;&nbsp;&nbsp;&nbsp;&nbsp;&nbsp;&nbsp;&nbsp;&nbsp;&nbsp;&nbsp;&nbsp;&nbsp; proident, sunt in culpa qui officia deserunt mollit anim id est laborum.<br />\r\n&nbsp;&nbsp;&nbsp;&nbsp;&nbsp;&nbsp;&nbsp;&nbsp;&nbsp;&nbsp;&nbsp;&nbsp;&nbsp;&nbsp;&nbsp;&nbsp;&nbsp;&nbsp;&nbsp; &nbsp;<br />\r\n&nbsp;&nbsp;&nbsp;&nbsp;&nbsp;&nbsp;&nbsp;&nbsp;&nbsp;&nbsp;&nbsp;&nbsp;&nbsp;&nbsp;&nbsp;<br />\r\n&nbsp;&nbsp;&nbsp;&nbsp;&nbsp;&nbsp;&nbsp;&nbsp;&nbsp;&nbsp;&nbsp;<a href=\"http://localhost/projet_test/web/app_dev.php/fr/Alphab%C3%A9tisation/contact\"> N&#39;h&eacute;sit&eacute; pas &agrave; nous contacter!</a><br />\r\n&nbsp;&nbsp;&nbsp;&nbsp;&nbsp;&nbsp;&nbsp;&nbsp;&nbsp;</p>','<p>With the Sun<br />\r\n&nbsp;&nbsp;&nbsp;&nbsp;&nbsp;&nbsp;&nbsp;&nbsp;&nbsp;&nbsp;&nbsp;&nbsp;&nbsp;<br />\r\n<br />\r\nA young association,<br />\r\n<br />\r\n3 different but complementary activities aimed at autonomy and well-being.<br />\r\n&nbsp;&nbsp;&nbsp;&nbsp;&nbsp;&nbsp;&nbsp;&nbsp;&nbsp;&nbsp;&nbsp;<br />\r\n&nbsp;&nbsp;&nbsp;&nbsp;&nbsp;&nbsp;&nbsp;&nbsp;&nbsp;&nbsp;&nbsp;&nbsp;&nbsp;&nbsp;&nbsp;&nbsp;&nbsp;&nbsp;&nbsp;&nbsp;&nbsp;&nbsp;<a href=\"http://localhost/projet_test/web/app_dev.php/en/EFT/home\">E.F.T.</a><br />\r\n&nbsp;&nbsp;&nbsp;&nbsp;&nbsp;&nbsp;&nbsp;&nbsp;&nbsp;&nbsp;&nbsp;&nbsp;&nbsp;&nbsp;&nbsp;&nbsp;&nbsp;&nbsp;&nbsp;&nbsp;&nbsp;&nbsp;<a href=\"http://localhost/projet_test/web/app_dev.php/en/C%C3%A9ramique/home\">Ceramic</a><br />\r\n&nbsp;&nbsp;&nbsp;&nbsp;&nbsp;&nbsp;&nbsp;&nbsp;&nbsp;&nbsp;&nbsp;&nbsp;&nbsp;&nbsp;&nbsp;&nbsp;&nbsp;&nbsp;&nbsp;&nbsp;&nbsp;&nbsp;<a href=\"http://localhost/projet_test/web/app_dev.php/en/Alphab%C3%A9tisation/home\">Literacy</a><br />\r\n&nbsp;&nbsp;&nbsp;&nbsp;&nbsp;&nbsp;&nbsp;&nbsp;&nbsp;&nbsp;&nbsp;&nbsp;&nbsp;&nbsp;&nbsp;&nbsp;&nbsp;&nbsp;&nbsp;<br />\r\n&nbsp;&nbsp;&nbsp;&nbsp;&nbsp;&nbsp;&nbsp;&nbsp;&nbsp;&nbsp;&nbsp;&nbsp;Lorem ipsum dolor sit amet, consectetur adipisicing elit, sed do eiusmod<br />\r\n&nbsp;&nbsp;&nbsp;&nbsp;&nbsp;&nbsp;&nbsp;&nbsp;&nbsp;&nbsp;&nbsp;&nbsp;tempor incididunt ut labore dolore magna and Aliqua. Ut enim ad minim veniam,<br />\r\n&nbsp;&nbsp;&nbsp;&nbsp;&nbsp;&nbsp;&nbsp;&nbsp;&nbsp;&nbsp;&nbsp;&nbsp;quis nostrud laboris nisi ut exercitation ullamco aliquip ex ea commodo<br />\r\n&nbsp;&nbsp;&nbsp;&nbsp;&nbsp;&nbsp;&nbsp;&nbsp;&nbsp;&nbsp;&nbsp;&nbsp;consequat. Duis aute irure dolor in esse reprehenderit in voluptate Velit<br />\r\n&nbsp;&nbsp;&nbsp;&nbsp;&nbsp;&nbsp;&nbsp;&nbsp;&nbsp;&nbsp;&nbsp;&nbsp;cillum dolore nulla had fugiat pariatur. Excepteur sint occaecat cupidatat not<br />\r\n&nbsp;&nbsp;&nbsp;&nbsp;&nbsp;&nbsp;&nbsp;&nbsp;&nbsp;&nbsp;&nbsp;&nbsp;proident, sunt in culpa who officiated deserunt abated anim id est Laborum.<br />\r\n&nbsp;&nbsp;&nbsp;&nbsp;<br />\r\n&nbsp;&nbsp;&nbsp;&nbsp;&nbsp;&nbsp;&nbsp;&nbsp;<br />\r\n&nbsp;&nbsp;&nbsp;&nbsp;<br />\r\n&nbsp;&nbsp;&nbsp;&nbsp;&nbsp;&nbsp;&nbsp;&nbsp;&nbsp;&nbsp;&nbsp;&nbsp;Lorem Ipsum<br />\r\n<br />\r\n&nbsp;&nbsp;&nbsp;&nbsp;&nbsp;&nbsp;&nbsp;&nbsp;&nbsp;&nbsp;&nbsp;&nbsp;&nbsp;&nbsp;&nbsp;&nbsp;&nbsp;&nbsp;&nbsp;Lorem ipsum dolor sit amet, consectetur adipisicing elit, sed do eiusmod<br />\r\n&nbsp;&nbsp;&nbsp;&nbsp;&nbsp;&nbsp;&nbsp;&nbsp;&nbsp;&nbsp;&nbsp;&nbsp;&nbsp;&nbsp;&nbsp;&nbsp;&nbsp;&nbsp;&nbsp;tempor incididunt ut labore dolore magna and Aliqua. Ut enim ad minim veniam,<br />\r\n&nbsp;&nbsp;&nbsp;&nbsp;&nbsp;&nbsp;&nbsp;&nbsp;&nbsp;&nbsp;&nbsp;&nbsp;&nbsp;&nbsp;&nbsp;&nbsp;&nbsp;&nbsp;&nbsp;quis nostrud laboris nisi ut exercitation ullamco aliquip ex ea commodo<br />\r\n&nbsp;&nbsp;&nbsp;&nbsp;&nbsp;&nbsp;&nbsp;&nbsp;&nbsp;&nbsp;&nbsp;&nbsp;&nbsp;&nbsp;&nbsp;&nbsp;&nbsp;&nbsp;&nbsp;consequat. Duis aute irure dolor in esse reprehenderit in voluptate Velit<br />\r\n&nbsp;&nbsp;&nbsp;&nbsp;&nbsp;&nbsp;&nbsp;&nbsp;&nbsp;&nbsp;&nbsp;&nbsp;&nbsp;&nbsp;&nbsp;&nbsp;&nbsp;&nbsp;&nbsp;cillum dolore nulla had fugiat pariatur. Excepteur sint occaecat cupidatat not<br />\r\n&nbsp;&nbsp;&nbsp;&nbsp;&nbsp;&nbsp;&nbsp;&nbsp;&nbsp;&nbsp;&nbsp;&nbsp;&nbsp;&nbsp;&nbsp;&nbsp;&nbsp;&nbsp;&nbsp;proident, sunt in culpa who officiated deserunt abated anim id est Laborum.<br />\r\n&nbsp;&nbsp;&nbsp;&nbsp;&nbsp;&nbsp;&nbsp;&nbsp;&nbsp;&nbsp;&nbsp;&nbsp;&nbsp;&nbsp;&nbsp;&nbsp;&nbsp;&nbsp;&nbsp;&nbsp;&nbsp;<br />\r\n&nbsp;&nbsp;&nbsp;&nbsp;&nbsp;&nbsp;&nbsp;&nbsp;&nbsp;&nbsp;&nbsp;&nbsp;&nbsp;&nbsp;&nbsp;<br />\r\n&nbsp;&nbsp;&nbsp;&nbsp;&nbsp;&nbsp;&nbsp;&nbsp;&nbsp;&nbsp;&nbsp;&nbsp;<a href=\"http://localhost/projet_test/web/app_dev.php/en/Alphab%C3%A9tisation/contact\">Do not hesitate to contact us!</a></p>',NULL),(4,1,'contact','contact','Contact','Contact',NULL,NULL,NULL),(5,2,'accueil','home','Accueil','Home','<h2>Mettez du soleil dans votre vie</h2>\r\n\r\n<h1>C&eacute;ramique</h1>\r\n\r\n<p>Vous souhaitez mettre vos mains dans la terre et faire surgir de celle-ci une forme qui vous parle, profiter de ce temps personnel de calme et de d&eacute;tente dans un environnement accueillant.</p>\r\n\r\n<p>Venez d&eacute;couvrir ce travail passionnant, enrichissant et &eacute;panouissant &agrave; l&#39;atelier.</p>\r\n\r\n<p>Le 1er objectif sera de d&eacute;couvrir la terre et sa plasticit&eacute; dans un lieu de rencontres, de cr&eacute;ations et de discussions dans le respect de la cr&eacute;ativit&eacute; de chacun. Nous ferons ensemble des exp&eacute;riences et partagerons nos d&eacute;couvertes.</p>\r\n\r\n<p>Pour les d&eacute;butants, l&#39;approche de la terre se fait par l&#39;apprentissage des diff&eacute;rentes techniques de base.</p>\r\n\r\n<p>Il n&#39;y a pas de th&egrave;me impos&eacute;.</p>\r\n\r\n<p>Vous serez &eacute;cout&eacute; et conseill&eacute; selon le niveau auquel vous vous situez.</p>','<h2>Put some sunshine in your life</h2>\r\n\r\n<p>Ceramic<br />\r\n<br />\r\nWant to put your hands in the dirt and bring out of it a form that speaks to you, enjoy this personal time of calm and relaxation in a welcoming environment.<br />\r\n<br />\r\nDiscover this exciting, rewarding and fulfilling the workshop.<br />\r\n<br />\r\nThe first objective will be to discover the land and its plasticity in a meeting place, creations and discussion in respect of creativity. We will all share our experiences and discoveries.<br />\r\n<br />\r\nFor beginners, the approach of the earth is by learning basic techniques.<br />\r\n<br />\r\nThere is no theme.<br />\r\n<br />\r\nYou will be listened and advised depending on which level you are.</p>',NULL),(6,2,'ateliers','workshop','Ateliers','Workshop',NULL,NULL,NULL),(7,2,'boutique','shop','Boutique','Shop',NULL,NULL,NULL),(8,2,'qui-sommes-nous','who-are-we','Qui sommes-nous?','Who are we?','<h2>Avec le Soleil<br />\r\n&nbsp;&nbsp;&nbsp;&nbsp;&nbsp;&nbsp;&nbsp;&nbsp;&nbsp;&nbsp;&nbsp;&nbsp;&nbsp;</h2>\r\n\r\n<p>Une jeune association,</p>\r\n\r\n<p>3 activit&eacute;s diff&eacute;rentes mais compl&eacute;mentaires, visant &agrave; l&#39;autonomie et au bien &ecirc;tre.<br />\r\n&nbsp;&nbsp;&nbsp;&nbsp;&nbsp;&nbsp;&nbsp;&nbsp;&nbsp;&nbsp;&nbsp;<br />\r\n&nbsp;&nbsp;&nbsp;&nbsp;&nbsp;&nbsp;&nbsp;&nbsp;&nbsp;&nbsp;&nbsp;&nbsp;&nbsp;&nbsp;&nbsp;&nbsp;&nbsp;&nbsp;&nbsp; &nbsp; <a href=\"http://localhost/projet_test/web/app_dev.php/fr/EFT/accueil\">E.F.T.</a><br />\r\n&nbsp;&nbsp;&nbsp;&nbsp;&nbsp;&nbsp;&nbsp;&nbsp;&nbsp;&nbsp;&nbsp;&nbsp;&nbsp;&nbsp;&nbsp;&nbsp;&nbsp;&nbsp;&nbsp;&nbsp;&nbsp; <a href=\"http://localhost/projet_test/web/app_dev.php/fr/C%C3%A9ramique/accueil\">C&eacute;ramique</a><br />\r\n&nbsp;&nbsp;&nbsp;&nbsp;&nbsp;&nbsp;&nbsp;&nbsp;&nbsp;&nbsp;&nbsp;&nbsp;&nbsp;&nbsp;&nbsp;&nbsp;&nbsp;&nbsp;&nbsp;&nbsp;&nbsp;<a href=\"http://localhost/projet_test/web/app_dev.php/fr/Alphab%C3%A9tisation/accueil\"> Alphab&ecirc;tisation</a><br />\r\n&nbsp;&nbsp;&nbsp;&nbsp;&nbsp;&nbsp;&nbsp;&nbsp;&nbsp;&nbsp;&nbsp;&nbsp;&nbsp;&nbsp;&nbsp;&nbsp;&nbsp;&nbsp;&nbsp;<br />\r\n&nbsp;&nbsp;&nbsp;&nbsp;&nbsp;&nbsp;&nbsp;&nbsp;&nbsp;&nbsp;&nbsp; Lorem ipsum dolor sit amet, consectetur adipisicing elit, sed do eiusmod<br />\r\n&nbsp;&nbsp;&nbsp;&nbsp;&nbsp;&nbsp;&nbsp;&nbsp;&nbsp;&nbsp;&nbsp; tempor incididunt ut labore et dolore magna aliqua. Ut enim ad minim veniam,<br />\r\n&nbsp;&nbsp;&nbsp;&nbsp;&nbsp;&nbsp;&nbsp;&nbsp;&nbsp;&nbsp;&nbsp; quis nostrud exercitation ullamco laboris nisi ut aliquip ex ea commodo<br />\r\n&nbsp;&nbsp;&nbsp;&nbsp;&nbsp;&nbsp;&nbsp;&nbsp;&nbsp;&nbsp;&nbsp; consequat. Duis aute irure dolor in reprehenderit in voluptate velit esse<br />\r\n&nbsp;&nbsp;&nbsp;&nbsp;&nbsp;&nbsp;&nbsp;&nbsp;&nbsp;&nbsp;&nbsp; cillum dolore eu fugiat nulla pariatur. Excepteur sint occaecat cupidatat non<br />\r\n&nbsp;&nbsp;&nbsp;&nbsp;&nbsp;&nbsp;&nbsp;&nbsp;&nbsp;&nbsp;&nbsp; proident, sunt in culpa qui officia deserunt mollit anim id est laborum.<br />\r\n&nbsp;&nbsp;&nbsp;&nbsp;<br />\r\n&nbsp;&nbsp;&nbsp;&nbsp;&nbsp;&nbsp; &nbsp;<br />\r\n&nbsp;&nbsp;&nbsp;&nbsp;</p>\r\n\r\n<h2>&nbsp;&nbsp;&nbsp;&nbsp;&nbsp;&nbsp;&nbsp;&nbsp;&nbsp;&nbsp;&nbsp; Lorem Ipsum</h2>\r\n\r\n<p>&nbsp;&nbsp;&nbsp;&nbsp;&nbsp;&nbsp;&nbsp;&nbsp;&nbsp;&nbsp;&nbsp;&nbsp;&nbsp;&nbsp;&nbsp;&nbsp;&nbsp;&nbsp; Lorem ipsum dolor sit amet, consectetur adipisicing elit, sed do eiusmod<br />\r\n&nbsp;&nbsp;&nbsp;&nbsp;&nbsp;&nbsp;&nbsp;&nbsp;&nbsp;&nbsp;&nbsp;&nbsp;&nbsp;&nbsp;&nbsp;&nbsp;&nbsp;&nbsp; tempor incididunt ut labore et dolore magna aliqua. Ut enim ad minim veniam,<br />\r\n&nbsp;&nbsp;&nbsp;&nbsp;&nbsp;&nbsp;&nbsp;&nbsp;&nbsp;&nbsp;&nbsp;&nbsp;&nbsp;&nbsp;&nbsp;&nbsp;&nbsp;&nbsp; quis nostrud exercitation ullamco laboris nisi ut aliquip ex ea commodo<br />\r\n&nbsp;&nbsp;&nbsp;&nbsp;&nbsp;&nbsp;&nbsp;&nbsp;&nbsp;&nbsp;&nbsp;&nbsp;&nbsp;&nbsp;&nbsp;&nbsp;&nbsp;&nbsp; consequat. Duis aute irure dolor in reprehenderit in voluptate velit esse<br />\r\n&nbsp;&nbsp;&nbsp;&nbsp;&nbsp;&nbsp;&nbsp;&nbsp;&nbsp;&nbsp;&nbsp;&nbsp;&nbsp;&nbsp;&nbsp;&nbsp;&nbsp;&nbsp; cillum dolore eu fugiat nulla pariatur. Excepteur sint occaecat cupidatat non<br />\r\n&nbsp;&nbsp;&nbsp;&nbsp;&nbsp;&nbsp;&nbsp;&nbsp;&nbsp;&nbsp;&nbsp;&nbsp;&nbsp;&nbsp;&nbsp;&nbsp;&nbsp;&nbsp; proident, sunt in culpa qui officia deserunt mollit anim id est laborum.<br />\r\n&nbsp;&nbsp;&nbsp;&nbsp;&nbsp;&nbsp;&nbsp;&nbsp;&nbsp;&nbsp;&nbsp;&nbsp;&nbsp;&nbsp;&nbsp;&nbsp;&nbsp;&nbsp;&nbsp; &nbsp;<br />\r\n&nbsp;&nbsp;&nbsp;&nbsp;&nbsp;&nbsp;&nbsp;&nbsp;&nbsp;&nbsp;&nbsp;&nbsp;&nbsp;&nbsp;&nbsp;<br />\r\n&nbsp;&nbsp;&nbsp;&nbsp;&nbsp;&nbsp;&nbsp;&nbsp;&nbsp;&nbsp;&nbsp;<a href=\"http://localhost/projet_test/web/app_dev.php/fr/C%C3%A9ramique/contact\"> N&#39;h&eacute;sit&eacute; pas &agrave; nous contacter!</a><br />\r\n&nbsp;&nbsp;&nbsp;&nbsp;&nbsp;&nbsp;&nbsp;&nbsp;&nbsp;</p>','<p>With the Sun<br />\r\n&nbsp;&nbsp;&nbsp;&nbsp;&nbsp;&nbsp;&nbsp;&nbsp;&nbsp;&nbsp;&nbsp;&nbsp;&nbsp;<br />\r\n<br />\r\nA young association,<br />\r\n<br />\r\n3 different but complementary activities aimed at autonomy and well-being.<br />\r\n&nbsp;&nbsp;&nbsp;&nbsp;&nbsp;&nbsp;&nbsp;&nbsp;&nbsp;&nbsp;&nbsp;<br />\r\n&nbsp;&nbsp;&nbsp;&nbsp;&nbsp;&nbsp;&nbsp;&nbsp;&nbsp;&nbsp;&nbsp;&nbsp;&nbsp;&nbsp;&nbsp;&nbsp;&nbsp;&nbsp;&nbsp;&nbsp;&nbsp;&nbsp;<a href=\"http://localhost/projet_test/web/app_dev.php/en/EFT/home\">E.F.T.</a><br />\r\n&nbsp;&nbsp;&nbsp;&nbsp;&nbsp;&nbsp;&nbsp;&nbsp;&nbsp;&nbsp;&nbsp;&nbsp;&nbsp;&nbsp;&nbsp;&nbsp;&nbsp;&nbsp;&nbsp;&nbsp;&nbsp;&nbsp;<a href=\"http://localhost/projet_test/web/app_dev.php/en/C%C3%A9ramique/home\">Ceramic</a><br />\r\n&nbsp;&nbsp;&nbsp;&nbsp;&nbsp;&nbsp;&nbsp;&nbsp;&nbsp;&nbsp;&nbsp;&nbsp;&nbsp;&nbsp;&nbsp;&nbsp;&nbsp;&nbsp;&nbsp;&nbsp;&nbsp;&nbsp;<a href=\"http://localhost/projet_test/web/app_dev.php/en/Alphab%C3%A9tisation/home\">Literacy</a><br />\r\n&nbsp;&nbsp;&nbsp;&nbsp;&nbsp;&nbsp;&nbsp;&nbsp;&nbsp;&nbsp;&nbsp;&nbsp;&nbsp;&nbsp;&nbsp;&nbsp;&nbsp;&nbsp;&nbsp;<br />\r\n&nbsp;&nbsp;&nbsp;&nbsp;&nbsp;&nbsp;&nbsp;&nbsp;&nbsp;&nbsp;&nbsp;&nbsp;Lorem ipsum dolor sit amet, consectetur adipisicing elit, sed do eiusmod<br />\r\n&nbsp;&nbsp;&nbsp;&nbsp;&nbsp;&nbsp;&nbsp;&nbsp;&nbsp;&nbsp;&nbsp;&nbsp;tempor incididunt ut labore dolore magna and Aliqua. Ut enim ad minim veniam,<br />\r\n&nbsp;&nbsp;&nbsp;&nbsp;&nbsp;&nbsp;&nbsp;&nbsp;&nbsp;&nbsp;&nbsp;&nbsp;quis nostrud laboris nisi ut exercitation ullamco aliquip ex ea commodo<br />\r\n&nbsp;&nbsp;&nbsp;&nbsp;&nbsp;&nbsp;&nbsp;&nbsp;&nbsp;&nbsp;&nbsp;&nbsp;consequat. Duis aute irure dolor in esse reprehenderit in voluptate Velit<br />\r\n&nbsp;&nbsp;&nbsp;&nbsp;&nbsp;&nbsp;&nbsp;&nbsp;&nbsp;&nbsp;&nbsp;&nbsp;cillum dolore nulla had fugiat pariatur. Excepteur sint occaecat cupidatat not<br />\r\n&nbsp;&nbsp;&nbsp;&nbsp;&nbsp;&nbsp;&nbsp;&nbsp;&nbsp;&nbsp;&nbsp;&nbsp;proident, sunt in culpa who officiated deserunt abated anim id est Laborum.<br />\r\n&nbsp;&nbsp;&nbsp;&nbsp;<br />\r\n&nbsp;&nbsp;&nbsp;&nbsp;&nbsp;&nbsp;&nbsp;&nbsp;<br />\r\n&nbsp;&nbsp;&nbsp;&nbsp;<br />\r\n&nbsp;&nbsp;&nbsp;&nbsp;&nbsp;&nbsp;&nbsp;&nbsp;&nbsp;&nbsp;&nbsp;&nbsp;Lorem Ipsum<br />\r\n<br />\r\n&nbsp;&nbsp;&nbsp;&nbsp;&nbsp;&nbsp;&nbsp;&nbsp;&nbsp;&nbsp;&nbsp;&nbsp;&nbsp;&nbsp;&nbsp;&nbsp;&nbsp;&nbsp;&nbsp;Lorem ipsum dolor sit amet, consectetur adipisicing elit, sed do eiusmod<br />\r\n&nbsp;&nbsp;&nbsp;&nbsp;&nbsp;&nbsp;&nbsp;&nbsp;&nbsp;&nbsp;&nbsp;&nbsp;&nbsp;&nbsp;&nbsp;&nbsp;&nbsp;&nbsp;&nbsp;tempor incididunt ut labore dolore magna and Aliqua. Ut enim ad minim veniam,<br />\r\n&nbsp;&nbsp;&nbsp;&nbsp;&nbsp;&nbsp;&nbsp;&nbsp;&nbsp;&nbsp;&nbsp;&nbsp;&nbsp;&nbsp;&nbsp;&nbsp;&nbsp;&nbsp;&nbsp;quis nostrud laboris nisi ut exercitation ullamco aliquip ex ea commodo<br />\r\n&nbsp;&nbsp;&nbsp;&nbsp;&nbsp;&nbsp;&nbsp;&nbsp;&nbsp;&nbsp;&nbsp;&nbsp;&nbsp;&nbsp;&nbsp;&nbsp;&nbsp;&nbsp;&nbsp;consequat. Duis aute irure dolor in esse reprehenderit in voluptate Velit<br />\r\n&nbsp;&nbsp;&nbsp;&nbsp;&nbsp;&nbsp;&nbsp;&nbsp;&nbsp;&nbsp;&nbsp;&nbsp;&nbsp;&nbsp;&nbsp;&nbsp;&nbsp;&nbsp;&nbsp;cillum dolore nulla had fugiat pariatur. Excepteur sint occaecat cupidatat not<br />\r\n&nbsp;&nbsp;&nbsp;&nbsp;&nbsp;&nbsp;&nbsp;&nbsp;&nbsp;&nbsp;&nbsp;&nbsp;&nbsp;&nbsp;&nbsp;&nbsp;&nbsp;&nbsp;&nbsp;proident, sunt in culpa who officiated deserunt abated anim id est Laborum.<br />\r\n&nbsp;&nbsp;&nbsp;&nbsp;&nbsp;&nbsp;&nbsp;&nbsp;&nbsp;&nbsp;&nbsp;&nbsp;&nbsp;&nbsp;&nbsp;&nbsp;&nbsp;&nbsp;&nbsp;&nbsp;&nbsp;<br />\r\n&nbsp;&nbsp;&nbsp;&nbsp;&nbsp;&nbsp;&nbsp;&nbsp;&nbsp;&nbsp;&nbsp;&nbsp;&nbsp;&nbsp;&nbsp;<br />\r\n&nbsp;&nbsp;&nbsp;&nbsp;&nbsp;&nbsp;&nbsp;&nbsp;&nbsp;&nbsp;&nbsp;&nbsp;<a href=\"http://localhost/projet_test/web/app_dev.php/en/C%C3%A9ramique/contact\">Do not hesitate to contact us!</a></p>',NULL),(9,2,'contact','contact','Contact','Contact',NULL,NULL,NULL),(10,3,'accueil','home','Accueil','Home','<h2>Mettez du soleil dans votre vie</h2>\r\n\r\n<h1>E.F.T.&nbsp;</h1>\r\n\r\n<p>Un nouveau proc&eacute;d&eacute; de soins appel&eacute; EFT (Emotional Freedom Techniques ) ou techniques de lib&eacute;ration &eacute;motionnelle.</p>\r\n\r\n<p>&nbsp;</p>\r\n\r\n<p>On parle de:&nbsp;&nbsp;&nbsp;&nbsp;&nbsp;&nbsp;&nbsp;&nbsp;&nbsp;&nbsp;&nbsp;&nbsp;&nbsp;</p>\r\n\r\n<p>Acupuncture Psychologique</p>\r\n\r\n<p>Th&eacute;rapie des M&eacute;ridiens</p>\r\n\r\n<p>Th&eacute;rapie de Tapping</p>\r\n\r\n<p>&nbsp;</p>\r\n\r\n<p>&nbsp;Le Tapping est un tapotement l&eacute;ger du bout des doigts sur certains points d&rsquo;acupuncture.<br />\r\n&nbsp;&nbsp;&nbsp;&nbsp;&nbsp;&nbsp;&nbsp; Leur nombre varie selon les techniques utilis&eacute;es. Pour <strong>l&rsquo;EFT</strong>, tout blocage d&rsquo;&eacute;nergie ou pens&eacute;es n&eacute;gatives entra&icirc;nent un mal &ecirc;tre, de la douleur physique ou &eacute;motionnelle; le tapotement l&egrave;ve ces blocages et entra&icirc;ne un grand bien &ecirc;tre imm&eacute;diat et la lev&eacute;e des probl&egrave;mes qui accompagnaient ces d&eacute;s&eacute;quilibres.<br />\r\n&nbsp;&nbsp;&nbsp;&nbsp;&nbsp;&nbsp;&nbsp; La simplicit&eacute; d&rsquo;emploi de <strong>l&rsquo;EFT </strong>en fait sa grande renomm&eacute;e car une seule et m&ecirc;me s&eacute;quence sert au traitement de tous les probl&egrave;mes quels qu&rsquo;ils soient.<br />\r\n&nbsp;&nbsp;&nbsp;&nbsp;&nbsp;&nbsp;&nbsp; Son cr&eacute;ateur Gary CRAIG met sa d&eacute;couverte &agrave; la port&eacute;e de tous et gratuitement.&nbsp;&nbsp; &nbsp;<br />\r\n<a href=\"http://www.technique-eft.com/gary-craig\">http://www.technique-eft.com/gary-craig</a></p>\r\n\r\n<h2>&nbsp;</h2>\r\n\r\n<h2>En quoi l&rsquo;EFT est-il efficace?</h2>\r\n\r\n<p><br />\r\nEn tout ! Si tout est d&eacute;sordre ou d&eacute;s&eacute;quilibre &eacute;nerg&eacute;tique, le tapotement est efficace dans la r&eacute;solution d&rsquo;un grand nombre de probl&egrave;mes.<br />\r\nOn peut citer tous les sentiments&rdquo; n&eacute;gatifs&rdquo; ou &ldquo;difficiles&rdquo; comme l&rsquo;anxi&eacute;t&eacute;, les crises de panique,<br />\r\nl&rsquo;amertume,les regrets, la col&egrave;re, la honte, le manque de confiance, tous les chagrins, tous<br />\r\nles mal-&ecirc;tre.<br />\r\nToutes nos croyances restrictives, nos addictions, les souvenirs traumatisants, les phobies...<br />\r\nEt bien entendu, sur nos maux physiques.</p>\r\n\r\n<p>&nbsp;</p>\r\n\r\n<h2>Par qui et comment ?</h2>\r\n\r\n<p><br />\r\nL&rsquo;apprentissage du tapotement et des s&eacute;quences &agrave; suivre sont tr&egrave;s simples et rapides,<br />\r\net accessible &agrave; tous. Allez voir les videos de <strong>EFT</strong> en fran&ccedil;ais et vous deviendrez tr&egrave;s rapidement<br />\r\nautonome.</p>\r\n\r\n<p>&nbsp;</p>\r\n\r\n<h2>Des r&eacute;sultats ?</h2>\r\n\r\n<p><br />\r\nLes r&eacute;sultats sont imm&eacute;diats et remplac&eacute;s par une profonde s&eacute;r&eacute;nit&eacute; dans bien des cas.<br />\r\nChaque probl&egrave;me &agrave; plusieurs aspects et il se peut que tous les aspects ne soient pas abord&eacute;s<br />\r\nlors d&rsquo;une s&eacute;ance parceque m&eacute;connus de la personne.<br />\r\nLorsqu&rsquo;ils se pr&eacute;sentent, on traite ce nouvel aspect pour une r&eacute;solution plus en profondeur.<br />\r\nIl suffit d&rsquo;une s&eacute;quence ou deux pour les &eacute;liminer.</p>','<h2>Put some sunshine in your life</h2>\r\n\r\n<h1>E.F.T.</h1>\r\n\r\n<p>A new method of treatment called <strong>EFT </strong>(Emotional Freedom Techniques)</p>\r\n\r\n<p>&nbsp;</p>\r\n\r\n<p>We talk about:</p>\r\n\r\n<p>Psychological acupuncture</p>\r\n\r\n<p>Meridian Therapy</p>\r\n\r\n<p>Tapping Therapy</p>\r\n\r\n<p>&nbsp;</p>\r\n\r\n<p>Tapping is the light tapping with the fingertips on certain acupuncture points.<br />\r\nTheir number varies according to the techniques used. For<strong> EFT</strong>, energy blockages or negative thoughts lead to an evil being, physical or emotional pain; tapping up these blockages and resulting in a large immediate well-being and lifted problems accompanying these imbalances.<br />\r\nEase of use of <strong>EFT</strong> in fact his great fame as a single sequence is used to treat any problems whatsoever.<br />\r\nIts creator Gary CRAIG puts his discovery to everyone and free of charge.<br />\r\n<a href=\"http://www.technique-eft.com/gary-craig\">http://www.technique-eft.com/gary-craig</a></p>\r\n\r\n<h2><br />\r\nWhat EFT is effective?</h2>\r\n\r\n<p><br />\r\nIn all! If everything is energy imbalance or disorder, pat is effective in solving many problems.<br />\r\nWe can quote all the &quot;negative&quot; feelings or &quot;difficult&quot; as anxiety, panic attacks,<br />\r\nbitterness, regret, anger, shame, lack of confidence, all the sorrows, all<br />\r\nthe discomfort.<br />\r\nAll restrictive beliefs, addictions, traumatic memories, phobias ...<br />\r\nAnd of course, our physical ailments.</p>\r\n\r\n<h2>By whom and how?</h2>\r\n\r\n<p><br />\r\nLearning and tapping sequences to follow are very simple and quick,<br />\r\nand accessible to all. Check out videos of <strong>EFT</strong> in French and you will become very quickly<br />\r\nindependently.</p>\r\n\r\n<h2>Results?</h2>\r\n\r\n<p><br />\r\nThe results are immediate and replaced by a deep serenity in many cases.<br />\r\nEvery problem in several aspects and it is possible that all aspects are not addressed<br />\r\nduring a session becaufe unknown person.<br />\r\nWhen they arise, treat this new aspect for a resolution further.<br />\r\nJust a block or two to remove them.</p>','0bc2ed4b92f18ff9ac691cdc7a95c7b96ee81718.jpeg'),(11,3,'formations','trainings','Formations','Trainings',NULL,NULL,NULL),(12,3,'qui-sommes-nous','who-are-we','Qui sommes-nous?','Who are we?','<h2>Avec le Soleil<br />\r\n&nbsp;&nbsp;&nbsp;&nbsp;&nbsp;&nbsp;&nbsp;&nbsp;&nbsp;&nbsp;&nbsp;&nbsp;&nbsp;</h2>\r\n\r\n<p>Une jeune association,</p>\r\n\r\n<p>3 activit&eacute;s diff&eacute;rentes mais compl&eacute;mentaires, visant &agrave; l&#39;autonomie et au bien &ecirc;tre.<br />\r\n&nbsp;&nbsp;&nbsp;&nbsp;&nbsp;&nbsp;&nbsp;&nbsp;&nbsp;&nbsp;&nbsp;<br />\r\n&nbsp;&nbsp;&nbsp;&nbsp;&nbsp;&nbsp;&nbsp;&nbsp;&nbsp;&nbsp;&nbsp;&nbsp;&nbsp;&nbsp;&nbsp;&nbsp;&nbsp;&nbsp;&nbsp; &nbsp; <a href=\"http://localhost/projet_test/web/app_dev.php/fr/EFT/accueil\">E.F.T.</a><br />\r\n&nbsp;&nbsp;&nbsp;&nbsp;&nbsp;&nbsp;&nbsp;&nbsp;&nbsp;&nbsp;&nbsp;&nbsp;&nbsp;&nbsp;&nbsp;&nbsp;&nbsp;&nbsp;&nbsp;&nbsp;&nbsp; <a href=\"http://localhost/projet_test/web/app_dev.php/fr/C%C3%A9ramique/accueil\">C&eacute;ramique</a><br />\r\n&nbsp;&nbsp;&nbsp;&nbsp;&nbsp;&nbsp;&nbsp;&nbsp;&nbsp;&nbsp;&nbsp;&nbsp;&nbsp;&nbsp;&nbsp;&nbsp;&nbsp;&nbsp;&nbsp;&nbsp;&nbsp;<a href=\"http://localhost/projet_test/web/app_dev.php/fr/Alphab%C3%A9tisation/accueil\"> Alphab&ecirc;tisation</a><br />\r\n&nbsp;&nbsp;&nbsp;&nbsp;&nbsp;&nbsp;&nbsp;&nbsp;&nbsp;&nbsp;&nbsp;&nbsp;&nbsp;&nbsp;&nbsp;&nbsp;&nbsp;&nbsp;&nbsp;<br />\r\n&nbsp;&nbsp;&nbsp;&nbsp;&nbsp;&nbsp;&nbsp;&nbsp;&nbsp;&nbsp;&nbsp; Lorem ipsum dolor sit amet, consectetur adipisicing elit, sed do eiusmod<br />\r\n&nbsp;&nbsp;&nbsp;&nbsp;&nbsp;&nbsp;&nbsp;&nbsp;&nbsp;&nbsp;&nbsp; tempor incididunt ut labore et dolore magna aliqua. Ut enim ad minim veniam,<br />\r\n&nbsp;&nbsp;&nbsp;&nbsp;&nbsp;&nbsp;&nbsp;&nbsp;&nbsp;&nbsp;&nbsp; quis nostrud exercitation ullamco laboris nisi ut aliquip ex ea commodo<br />\r\n&nbsp;&nbsp;&nbsp;&nbsp;&nbsp;&nbsp;&nbsp;&nbsp;&nbsp;&nbsp;&nbsp; consequat. Duis aute irure dolor in reprehenderit in voluptate velit esse<br />\r\n&nbsp;&nbsp;&nbsp;&nbsp;&nbsp;&nbsp;&nbsp;&nbsp;&nbsp;&nbsp;&nbsp; cillum dolore eu fugiat nulla pariatur. Excepteur sint occaecat cupidatat non<br />\r\n&nbsp;&nbsp;&nbsp;&nbsp;&nbsp;&nbsp;&nbsp;&nbsp;&nbsp;&nbsp;&nbsp; proident, sunt in culpa qui officia deserunt mollit anim id est laborum.<br />\r\n&nbsp;&nbsp;&nbsp;&nbsp;<br />\r\n&nbsp;&nbsp;&nbsp;&nbsp;&nbsp;&nbsp; &nbsp;<br />\r\n&nbsp;&nbsp;&nbsp;&nbsp;</p>\r\n\r\n<h2>&nbsp;&nbsp;&nbsp;&nbsp;&nbsp;&nbsp;&nbsp;&nbsp;&nbsp;&nbsp;&nbsp; Lorem Ipsum</h2>\r\n\r\n<p>&nbsp;&nbsp;&nbsp;&nbsp;&nbsp;&nbsp;&nbsp;&nbsp;&nbsp;&nbsp;&nbsp;&nbsp;&nbsp;&nbsp;&nbsp;&nbsp;&nbsp;&nbsp; Lorem ipsum dolor sit amet, consectetur adipisicing elit, sed do eiusmod<br />\r\n&nbsp;&nbsp;&nbsp;&nbsp;&nbsp;&nbsp;&nbsp;&nbsp;&nbsp;&nbsp;&nbsp;&nbsp;&nbsp;&nbsp;&nbsp;&nbsp;&nbsp;&nbsp; tempor incididunt ut labore et dolore magna aliqua. Ut enim ad minim veniam,<br />\r\n&nbsp;&nbsp;&nbsp;&nbsp;&nbsp;&nbsp;&nbsp;&nbsp;&nbsp;&nbsp;&nbsp;&nbsp;&nbsp;&nbsp;&nbsp;&nbsp;&nbsp;&nbsp; quis nostrud exercitation ullamco laboris nisi ut aliquip ex ea commodo<br />\r\n&nbsp;&nbsp;&nbsp;&nbsp;&nbsp;&nbsp;&nbsp;&nbsp;&nbsp;&nbsp;&nbsp;&nbsp;&nbsp;&nbsp;&nbsp;&nbsp;&nbsp;&nbsp; consequat. Duis aute irure dolor in reprehenderit in voluptate velit esse<br />\r\n&nbsp;&nbsp;&nbsp;&nbsp;&nbsp;&nbsp;&nbsp;&nbsp;&nbsp;&nbsp;&nbsp;&nbsp;&nbsp;&nbsp;&nbsp;&nbsp;&nbsp;&nbsp; cillum dolore eu fugiat nulla pariatur. Excepteur sint occaecat cupidatat non<br />\r\n&nbsp;&nbsp;&nbsp;&nbsp;&nbsp;&nbsp;&nbsp;&nbsp;&nbsp;&nbsp;&nbsp;&nbsp;&nbsp;&nbsp;&nbsp;&nbsp;&nbsp;&nbsp; proident, sunt in culpa qui officia deserunt mollit anim id est laborum.<br />\r\n&nbsp;&nbsp;&nbsp;&nbsp;&nbsp;&nbsp;&nbsp;&nbsp;&nbsp;&nbsp;&nbsp;&nbsp;&nbsp;&nbsp;&nbsp;&nbsp;&nbsp;&nbsp;&nbsp; &nbsp;<br />\r\n&nbsp;&nbsp;&nbsp;&nbsp;&nbsp;&nbsp;&nbsp;&nbsp;&nbsp;&nbsp;&nbsp;&nbsp;&nbsp;&nbsp;&nbsp;<br />\r\n&nbsp;&nbsp;&nbsp;&nbsp;&nbsp;&nbsp;&nbsp;&nbsp;&nbsp;&nbsp;&nbsp;<a href=\"http://localhost/projet_test/web/app_dev.php/fr/EFT/contact\"> N&#39;h&eacute;sit&eacute; pas &agrave; nous contacter!</a><br />\r\n&nbsp;&nbsp;&nbsp;&nbsp;&nbsp;&nbsp;&nbsp;&nbsp;&nbsp;</p>','<p>With the Sun<br />\r\n&nbsp;&nbsp;&nbsp;&nbsp;&nbsp;&nbsp;&nbsp;&nbsp;&nbsp;&nbsp;&nbsp;&nbsp;&nbsp;<br />\r\n<br />\r\nA young association,<br />\r\n<br />\r\n3 different but complementary activities aimed at autonomy and well-being.<br />\r\n&nbsp;&nbsp;&nbsp;&nbsp;&nbsp;&nbsp;&nbsp;&nbsp;&nbsp;&nbsp;&nbsp;<br />\r\n&nbsp;&nbsp;&nbsp;&nbsp;&nbsp;&nbsp;&nbsp;&nbsp;&nbsp;&nbsp;&nbsp;&nbsp;&nbsp;&nbsp;&nbsp;&nbsp;&nbsp;&nbsp;&nbsp;&nbsp;&nbsp;&nbsp;<a href=\"http://localhost/projet_test/web/app_dev.php/en/EFT/home\">E.F.T.</a><br />\r\n&nbsp;&nbsp;&nbsp;&nbsp;&nbsp;&nbsp;&nbsp;&nbsp;&nbsp;&nbsp;&nbsp;&nbsp;&nbsp;&nbsp;&nbsp;&nbsp;&nbsp;&nbsp;&nbsp;&nbsp;&nbsp;&nbsp;<a href=\"http://localhost/projet_test/web/app_dev.php/en/C%C3%A9ramique/home\">Ceramic</a><br />\r\n&nbsp;&nbsp;&nbsp;&nbsp;&nbsp;&nbsp;&nbsp;&nbsp;&nbsp;&nbsp;&nbsp;&nbsp;&nbsp;&nbsp;&nbsp;&nbsp;&nbsp;&nbsp;&nbsp;&nbsp;&nbsp;&nbsp;<a href=\"http://localhost/projet_test/web/app_dev.php/en/Alphab%C3%A9tisation/home\">Literacy</a><br />\r\n&nbsp;&nbsp;&nbsp;&nbsp;&nbsp;&nbsp;&nbsp;&nbsp;&nbsp;&nbsp;&nbsp;&nbsp;&nbsp;&nbsp;&nbsp;&nbsp;&nbsp;&nbsp;&nbsp;<br />\r\n&nbsp;&nbsp;&nbsp;&nbsp;&nbsp;&nbsp;&nbsp;&nbsp;&nbsp;&nbsp;&nbsp;&nbsp;Lorem ipsum dolor sit amet, consectetur adipisicing elit, sed do eiusmod<br />\r\n&nbsp;&nbsp;&nbsp;&nbsp;&nbsp;&nbsp;&nbsp;&nbsp;&nbsp;&nbsp;&nbsp;&nbsp;tempor incididunt ut labore dolore magna and Aliqua. Ut enim ad minim veniam,<br />\r\n&nbsp;&nbsp;&nbsp;&nbsp;&nbsp;&nbsp;&nbsp;&nbsp;&nbsp;&nbsp;&nbsp;&nbsp;quis nostrud laboris nisi ut exercitation ullamco aliquip ex ea commodo<br />\r\n&nbsp;&nbsp;&nbsp;&nbsp;&nbsp;&nbsp;&nbsp;&nbsp;&nbsp;&nbsp;&nbsp;&nbsp;consequat. Duis aute irure dolor in esse reprehenderit in voluptate Velit<br />\r\n&nbsp;&nbsp;&nbsp;&nbsp;&nbsp;&nbsp;&nbsp;&nbsp;&nbsp;&nbsp;&nbsp;&nbsp;cillum dolore nulla had fugiat pariatur. Excepteur sint occaecat cupidatat not<br />\r\n&nbsp;&nbsp;&nbsp;&nbsp;&nbsp;&nbsp;&nbsp;&nbsp;&nbsp;&nbsp;&nbsp;&nbsp;proident, sunt in culpa who officiated deserunt abated anim id est Laborum.<br />\r\n&nbsp;&nbsp;&nbsp;&nbsp;<br />\r\n&nbsp;&nbsp;&nbsp;&nbsp;&nbsp;&nbsp;&nbsp;&nbsp;<br />\r\n&nbsp;&nbsp;&nbsp;&nbsp;<br />\r\n&nbsp;&nbsp;&nbsp;&nbsp;&nbsp;&nbsp;&nbsp;&nbsp;&nbsp;&nbsp;&nbsp;&nbsp;Lorem Ipsum<br />\r\n<br />\r\n&nbsp;&nbsp;&nbsp;&nbsp;&nbsp;&nbsp;&nbsp;&nbsp;&nbsp;&nbsp;&nbsp;&nbsp;&nbsp;&nbsp;&nbsp;&nbsp;&nbsp;&nbsp;&nbsp;Lorem ipsum dolor sit amet, consectetur adipisicing elit, sed do eiusmod<br />\r\n&nbsp;&nbsp;&nbsp;&nbsp;&nbsp;&nbsp;&nbsp;&nbsp;&nbsp;&nbsp;&nbsp;&nbsp;&nbsp;&nbsp;&nbsp;&nbsp;&nbsp;&nbsp;&nbsp;tempor incididunt ut labore dolore magna and Aliqua. Ut enim ad minim veniam,<br />\r\n&nbsp;&nbsp;&nbsp;&nbsp;&nbsp;&nbsp;&nbsp;&nbsp;&nbsp;&nbsp;&nbsp;&nbsp;&nbsp;&nbsp;&nbsp;&nbsp;&nbsp;&nbsp;&nbsp;quis nostrud laboris nisi ut exercitation ullamco aliquip ex ea commodo<br />\r\n&nbsp;&nbsp;&nbsp;&nbsp;&nbsp;&nbsp;&nbsp;&nbsp;&nbsp;&nbsp;&nbsp;&nbsp;&nbsp;&nbsp;&nbsp;&nbsp;&nbsp;&nbsp;&nbsp;consequat. Duis aute irure dolor in esse reprehenderit in voluptate Velit<br />\r\n&nbsp;&nbsp;&nbsp;&nbsp;&nbsp;&nbsp;&nbsp;&nbsp;&nbsp;&nbsp;&nbsp;&nbsp;&nbsp;&nbsp;&nbsp;&nbsp;&nbsp;&nbsp;&nbsp;cillum dolore nulla had fugiat pariatur. Excepteur sint occaecat cupidatat not<br />\r\n&nbsp;&nbsp;&nbsp;&nbsp;&nbsp;&nbsp;&nbsp;&nbsp;&nbsp;&nbsp;&nbsp;&nbsp;&nbsp;&nbsp;&nbsp;&nbsp;&nbsp;&nbsp;&nbsp;proident, sunt in culpa who officiated deserunt abated anim id est Laborum.<br />\r\n&nbsp;&nbsp;&nbsp;&nbsp;&nbsp;&nbsp;&nbsp;&nbsp;&nbsp;&nbsp;&nbsp;&nbsp;&nbsp;&nbsp;&nbsp;&nbsp;&nbsp;&nbsp;&nbsp;&nbsp;&nbsp;<br />\r\n&nbsp;&nbsp;&nbsp;&nbsp;&nbsp;&nbsp;&nbsp;&nbsp;&nbsp;&nbsp;&nbsp;&nbsp;&nbsp;&nbsp;&nbsp;<br />\r\n&nbsp;&nbsp;&nbsp;&nbsp;&nbsp;&nbsp;&nbsp;&nbsp;&nbsp;&nbsp;&nbsp;&nbsp;<a href=\"http://localhost/projet_test/web/app_dev.php/en/EFT/contact\">Do not hesitate to contact us!</a></p>',NULL),(13,3,'contact','contact','Contact','Contact',NULL,NULL,NULL);

/*Table structure for table `sites` */

DROP TABLE IF EXISTS `sites`;

CREATE TABLE `sites` (
  `id` int(11) NOT NULL AUTO_INCREMENT,
  `nom` varchar(100) COLLATE utf8_unicode_ci NOT NULL,
  PRIMARY KEY (`id`)
) ENGINE=InnoDB AUTO_INCREMENT=4 DEFAULT CHARSET=utf8 COLLATE=utf8_unicode_ci;

/*Data for the table `sites` */

insert  into `sites`(`id`,`nom`) values (1,'Alphabétisation'),(2,'Céramique'),(3,'EFT');

/*Table structure for table `users` */

DROP TABLE IF EXISTS `users`;

CREATE TABLE `users` (
  `id` int(11) NOT NULL AUTO_INCREMENT,
  `username` varchar(255) COLLATE utf8_unicode_ci NOT NULL,
  `username_canonical` varchar(255) COLLATE utf8_unicode_ci NOT NULL,
  `email` varchar(255) COLLATE utf8_unicode_ci NOT NULL,
  `email_canonical` varchar(255) COLLATE utf8_unicode_ci NOT NULL,
  `enabled` tinyint(1) NOT NULL,
  `salt` varchar(255) COLLATE utf8_unicode_ci NOT NULL,
  `password` varchar(255) COLLATE utf8_unicode_ci NOT NULL,
  `last_login` datetime DEFAULT NULL,
  `locked` tinyint(1) NOT NULL,
  `expired` tinyint(1) NOT NULL,
  `expires_at` datetime DEFAULT NULL,
  `confirmation_token` varchar(255) COLLATE utf8_unicode_ci DEFAULT NULL,
  `password_requested_at` datetime DEFAULT NULL,
  `roles` longtext COLLATE utf8_unicode_ci NOT NULL COMMENT '(DC2Type:array)',
  `credentials_expired` tinyint(1) NOT NULL,
  `credentials_expire_at` datetime DEFAULT NULL,
  PRIMARY KEY (`id`),
  UNIQUE KEY `UNIQ_1483A5E992FC23A8` (`username_canonical`),
  UNIQUE KEY `UNIQ_1483A5E9A0D96FBF` (`email_canonical`)
) ENGINE=InnoDB AUTO_INCREMENT=3 DEFAULT CHARSET=utf8 COLLATE=utf8_unicode_ci;

/*Data for the table `users` */

insert  into `users`(`id`,`username`,`username_canonical`,`email`,`email_canonical`,`enabled`,`salt`,`password`,`last_login`,`locked`,`expired`,`expires_at`,`confirmation_token`,`password_requested_at`,`roles`,`credentials_expired`,`credentials_expire_at`) values (1,'testUser','testuser','test@user.com','test@user.com',1,'buczhcirxi8kwko8gg84gcwowsogow0','59+NN8mQ9C4u5w1JBnRcnogl+foHV55QY/sKh+gFQ8Ia67Nf/Blov45sFJbUwxU7GM8gz5WRIqAtja3oOyTFDA==','2014-06-09 16:12:54',0,0,NULL,NULL,NULL,'a:0:{}',0,NULL),(2,'testAdmin','testadmin','test@admin.com','test@admin.com',1,'1ev0lz5a249w00s0c80o0ww40goow8s','suZAuDC6m81lafTLHYMgq7HtJ1/6GwDaYjbiF3QjZBrFGcMBFVdMz7iUQBX0YLtPnYylEsBDvAhxAPWfrfKFig==','2014-06-14 14:00:37',0,0,NULL,NULL,NULL,'a:1:{i:0;s:10:\"ROLE_ADMIN\";}',0,NULL);

/*!40101 SET SQL_MODE=@OLD_SQL_MODE */;
/*!40014 SET FOREIGN_KEY_CHECKS=@OLD_FOREIGN_KEY_CHECKS */;
/*!40014 SET UNIQUE_CHECKS=@OLD_UNIQUE_CHECKS */;
/*!40111 SET SQL_NOTES=@OLD_SQL_NOTES */;
